{"cameraMode":{"drawMode":0,"name":"Shaded","section":"Shading Mode"},"sceneLighting":false,"audioPlay":false,"sceneViewState":{"m_AlwaysRefresh":false,"showFog":true,"showSkybox":true,"showFlares":true,"showImageEffects":false,"showParticleSystems":true,"showVisualEffectGraphs":true,"m_FxEnabled":true},"in2DMode":false,"pivot":{"x":16.162919998168947,"y":1.1155760288238526,"z":3.5727593898773195},"rotation":{"x":-0.010568532161414624,"y":-0.9919615387916565,"z":0.12592725455760957,"w":-0.006972246803343296},"size":0.9676575064659119,"orthographic":false}