{"cameraMode":{"drawMode":0,"name":"Shaded","section":"Shading Mode"},"sceneLighting":true,"audioPlay":false,"sceneViewState":{"m_AlwaysRefresh":false,"showFog":true,"showSkybox":true,"showFlares":true,"showImageEffects":false,"showParticleSystems":true,"showVisualEffectGraphs":true,"m_FxEnabled":true},"in2DMode":false,"pivot":{"x":11.537895202636719,"y":0.6805434226989746,"z":3.4582719802856447},"rotation":{"x":0.028686773031949998,"y":-0.8883503675460815,"z":0.05639192461967468,"w":0.45477983355522158},"size":1.1762514114379883,"orthographic":false}