{"cameraMode":{"drawMode":0,"name":"Shaded","section":"Shading Mode"},"sceneLighting":true,"audioPlay":false,"sceneViewState":{"m_AlwaysRefresh":false,"showFog":true,"showSkybox":true,"showFlares":true,"showImageEffects":false,"showParticleSystems":true,"showVisualEffectGraphs":true,"m_FxEnabled":true},"in2DMode":false,"pivot":{"x":12.418845176696778,"y":1.5997599363327027,"z":0.3561837673187256},"rotation":{"x":-0.005029249005019665,"y":-0.9912164211273193,"z":-0.038353998214006427,"w":0.12644940614700318},"size":1.0598279237747193,"orthographic":false}